{"stats":{"minecraft:used":{"minecraft:rose_bush":1,"minecraft:stone_sword":77,"minecraft:stone_pickaxe":129,"minecraft:wooden_pickaxe":32,"minecraft:shield":16,"minecraft:rotten_flesh":1,"minecraft:iron_chestplate":1,"minecraft:crafting_table":2,"minecraft:tuff":13,"minecraft:granite":5,"minecraft:snowball":29,"minecraft:stone_axe":14,"minecraft:cobblestone":25,"minecraft:bow":2,"minecraft:furnace":1,"minecraft:porkchop":11,"minecraft:andesite":3,"minecraft:cobbled_deepslate":2},"minecraft:killed":{"minecraft:pig":4,"minecraft:spider":3,"minecraft:creeper":1,"minecraft:skeleton":2,"minecraft:zombie":5,"minecraft:enderman":1},"minecraft:custom":{"minecraft:interact_with_furnace":5,"minecraft:mob_kills":17,"minecraft:interact_with_crafting_table":8,"minecraft:leave_game":2,"minecraft:time_since_death":3741,"minecraft:time_since_rest":3778,"minecraft:sprint_one_cm":172654,"minecraft:damage_taken":969,"minecraft:walk_one_cm":105265,"minecraft:damage_blocked_by_shield":475,"minecraft:damage_dealt":2818,"minecraft:swim_one_cm":9531,"minecraft:fly_one_cm":166616,"minecraft:crouch_one_cm":3713,"minecraft:play_time":47015,"minecraft:deaths":3,"minecraft:sneak_time":1814,"minecraft:walk_under_water_one_cm":2240,"minecraft:jump":1124,"minecraft:walk_on_water_one_cm":3674,"minecraft:total_world_time":47015,"minecraft:fall_one_cm":33570},"minecraft:broken":{"minecraft:stone_pickaxe":1,"minecraft:wooden_pickaxe":1},"minecraft:killed_by":{"minecraft:skeleton":2},"minecraft:crafted":{"minecraft:oak_planks":20,"minecraft:crafting_table":1,"minecraft:wooden_pickaxe":1,"minecraft:iron_helmet":1,"minecraft:furnace":1,"minecraft:stone_axe":1,"minecraft:air":0,"minecraft:iron_boots":1,"minecraft:iron_chestplate":1,"minecraft:shield":1,"minecraft:stick":12,"minecraft:iron_ingot":39,"minecraft:stone_pickaxe":2,"minecraft:stone_sword":1,"minecraft:iron_leggings":1},"minecraft:mined":{"minecraft:tuff":13,"minecraft:sculk_vein":1,"minecraft:crafting_table":2,"minecraft:granite":2,"minecraft:rose_bush":3,"minecraft:tall_grass":19,"minecraft:cobblestone":1,"minecraft:copper_ore":4,"minecraft:sculk":2,"minecraft:sculk_catalyst":1,"minecraft:furnace":1,"minecraft:iron_ore":38,"minecraft:andesite":3,"minecraft:grass":20,"minecraft:coal_ore":9,"minecraft:oak_log":16,"minecraft:deepslate_iron_ore":1,"minecraft:stone":51,"minecraft:deepslate":2},"minecraft:picked_up":{"minecraft:iron_chestplate":1,"minecraft:crafting_table":4,"minecraft:andesite":3,"minecraft:wooden_pickaxe":1,"minecraft:bedrock":1,"minecraft:tuff":39,"minecraft:oak_log":16,"minecraft:shield":1,"minecraft:gunpowder":4,"minecraft:string":2,"minecraft:raw_copper":52,"minecraft:iron_leggings":1,"minecraft:bone":4,"minecraft:bow":3,"minecraft:wheat_seeds":7,"minecraft:cobbled_deepslate":6,"minecraft:iron_ingot":14,"minecraft:stone_pickaxe":3,"minecraft:rose_bush":1,"minecraft:oak_planks":23,"minecraft:iron_boots":1,"minecraft:furnace":1,"minecraft:stick":3,"minecraft:raw_iron":89,"minecraft:porkchop":11,"minecraft:grass_block":1,"minecraft:spider_eye":3,"minecraft:stone_sword":1,"minecraft:arrow":9,"minecraft:rotten_flesh":3,"minecraft:stone_axe":1,"minecraft:iron_helmet":1,"minecraft:granite":9,"minecraft:coal":30,"minecraft:snowball":59,"minecraft:oxeye_daisy":1,"minecraft:cobblestone":142,"minecraft:ender_pearl":1}},"DataVersion":3465}