{"stats":{"minecraft:used":{"minecraft:rose_bush":1,"minecraft:stone_sword":140,"minecraft:stone_pickaxe":150,"minecraft:wooden_pickaxe":32,"minecraft:shield":59,"minecraft:rotten_flesh":2,"minecraft:iron_chestplate":2,"minecraft:crafting_table":2,"minecraft:tuff":13,"minecraft:granite":5,"minecraft:snowball":36,"minecraft:grass_block":1,"minecraft:stone_axe":20,"minecraft:cobblestone":31,"minecraft:bow":2,"minecraft:furnace":1,"minecraft:porkchop":24,"minecraft:andesite":3,"minecraft:cobbled_deepslate":2},"minecraft:killed":{"minecraft:pig":12,"minecraft:spider":5,"minecraft:creeper":1,"minecraft:skeleton":4,"minecraft:zombie":8,"minecraft:enderman":1},"minecraft:custom":{"minecraft:interact_with_furnace":5,"minecraft:mob_kills":33,"minecraft:interact_with_crafting_table":8,"minecraft:leave_game":2,"minecraft:time_since_death":8591,"minecraft:time_since_rest":8631,"minecraft:sprint_one_cm":236135,"minecraft:damage_taken":1472,"minecraft:walk_one_cm":169465,"minecraft:damage_blocked_by_shield":1630,"minecraft:damage_dealt":4943,"minecraft:swim_one_cm":9531,"minecraft:fly_one_cm":262854,"minecraft:crouch_one_cm":5815,"minecraft:play_time":71015,"minecraft:deaths":4,"minecraft:sneak_time":2758,"minecraft:walk_under_water_one_cm":2240,"minecraft:jump":1811,"minecraft:walk_on_water_one_cm":4276,"minecraft:total_world_time":71015,"minecraft:fall_one_cm":50187},"minecraft:broken":{"minecraft:stone_pickaxe":1,"minecraft:wooden_pickaxe":1},"minecraft:killed_by":{"minecraft:skeleton":2},"minecraft:crafted":{"minecraft:oak_planks":20,"minecraft:crafting_table":1,"minecraft:wooden_pickaxe":1,"minecraft:iron_helmet":1,"minecraft:furnace":1,"minecraft:stone_axe":1,"minecraft:air":0,"minecraft:iron_boots":1,"minecraft:iron_chestplate":1,"minecraft:shield":1,"minecraft:stick":12,"minecraft:iron_ingot":39,"minecraft:stone_pickaxe":2,"minecraft:stone_sword":1,"minecraft:iron_leggings":1},"minecraft:mined":{"minecraft:tuff":13,"minecraft:sculk_vein":1,"minecraft:dandelion":2,"minecraft:cornflower":1,"minecraft:crafting_table":2,"minecraft:granite":2,"minecraft:grass_block":3,"minecraft:poppy":1,"minecraft:rose_bush":3,"minecraft:tall_grass":41,"minecraft:cobblestone":1,"minecraft:copper_ore":4,"minecraft:sculk":3,"minecraft:sculk_catalyst":1,"minecraft:furnace":1,"minecraft:iron_ore":54,"minecraft:andesite":6,"minecraft:grass":31,"minecraft:coal_ore":9,"minecraft:oak_log":20,"minecraft:deepslate_iron_ore":1,"minecraft:dirt":1,"minecraft:stone":53,"minecraft:oak_leaves":1,"minecraft:deepslate":2},"minecraft:picked_up":{"minecraft:iron_chestplate":2,"minecraft:crafting_table":5,"minecraft:andesite":9,"minecraft:wooden_pickaxe":1,"minecraft:bedrock":2,"minecraft:tuff":39,"minecraft:oak_log":35,"minecraft:shield":1,"minecraft:gunpowder":5,"minecraft:dirt":4,"minecraft:cornflower":2,"minecraft:string":7,"minecraft:raw_copper":65,"minecraft:iron_leggings":2,"minecraft:bone":14,"minecraft:bow":4,"minecraft:wheat_seeds":11,"minecraft:cobbled_deepslate":6,"minecraft:iron_ingot":14,"minecraft:stone_pickaxe":4,"minecraft:rose_bush":1,"minecraft:poppy":2,"minecraft:oak_planks":24,"minecraft:iron_boots":2,"minecraft:furnace":2,"minecraft:stick":6,"minecraft:raw_iron":121,"minecraft:dandelion":4,"minecraft:porkchop":24,"minecraft:grass_block":2,"minecraft:spider_eye":6,"minecraft:stone_sword":1,"minecraft:arrow":16,"minecraft:rotten_flesh":11,"minecraft:stone_axe":2,"minecraft:iron_helmet":2,"minecraft:granite":9,"minecraft:coal":33,"minecraft:snowball":59,"minecraft:oxeye_daisy":2,"minecraft:cobblestone":156,"minecraft:ender_pearl":2}},"DataVersion":3465}