{"stats":{"minecraft:custom":{"minecraft:time_since_rest":25743,"minecraft:sprint_one_cm":45118,"minecraft:damage_taken":753,"minecraft:walk_one_cm":150579,"minecraft:drop":1,"minecraft:damage_dealt":43,"minecraft:swim_one_cm":6006,"minecraft:interact_with_crafting_table":2,"minecraft:fly_one_cm":595250,"minecraft:open_chest":8,"minecraft:crouch_one_cm":7613,"minecraft:play_time":117076,"minecraft:deaths":3,"minecraft:sneak_time":5935,"minecraft:walk_under_water_one_cm":15297,"minecraft:aviate_one_cm":233933,"minecraft:jump":682,"minecraft:leave_game":10,"minecraft:walk_on_water_one_cm":22086,"minecraft:time_since_death":25712,"minecraft:climb_one_cm":9040,"minecraft:total_world_time":117076,"minecraft:fall_one_cm":16634},"minecraft:used":{"minecraft:mud":5,"minecraft:wooden_axe":1,"minecraft:moss_carpet":12,"minecraft:firework_rocket":13,"minecraft:mangrove_planks":139,"minecraft:elytra":1,"minecraft:sculk":16,"minecraft:stone":2,"minecraft:dirt":3,"minecraft:potion":1,"minecraft:mangrove_roots":20,"minecraft:crafting_table":2,"minecraft:dripstone_block":1},"minecraft:picked_up":{"minecraft:mud":6,"minecraft:stick":1,"minecraft:crafting_table":1,"minecraft:oak_log":5,"minecraft:lily_pad":30,"minecraft:dirt":3,"minecraft:moss_carpet":18,"minecraft:mangrove_roots":20,"minecraft:mangrove_planks":3,"minecraft:mangrove_propagule":4,"minecraft:mangrove_log":34},"minecraft:crafted":{"minecraft:wooden_sword":1,"minecraft:oak_planks":20,"minecraft:crafting_table":1,"minecraft:stick":4,"minecraft:wooden_pickaxe":1,"minecraft:wooden_axe":1,"minecraft:mangrove_planks":136},"minecraft:dropped":{"minecraft:stone":1},"minecraft:mined":{"minecraft:seagrass":2,"minecraft:tall_seagrass":5,"minecraft:mud":6,"minecraft:mangrove_roots":24,"minecraft:moss_carpet":8,"minecraft:mangrove_planks":3,"minecraft:mangrove_leaves":23,"minecraft:crafting_table":1,"minecraft:grass":5,"minecraft:grass_block":3,"minecraft:oak_log":5,"minecraft:vine":5,"minecraft:dead_bush":1,"minecraft:mangrove_log":39,"minecraft:lily_pad":32,"minecraft:oak_leaves":3,"minecraft:mangrove_propagule":3,"minecraft:fern":1}},"DataVersion":3465}