{"stats":{"minecraft:used":{"minecraft:rose_bush":1,"minecraft:stone_sword":140,"minecraft:stone_pickaxe":222,"minecraft:oak_planks":6,"minecraft:poppy":2,"minecraft:wooden_pickaxe":32,"minecraft:shield":103,"minecraft:rotten_flesh":11,"minecraft:iron_chestplate":2,"minecraft:crafting_table":3,"minecraft:crossbow":1,"minecraft:tuff":14,"minecraft:granite":5,"minecraft:snowball":36,"minecraft:cornflower":1,"minecraft:oxeye_daisy":1,"minecraft:grass_block":1,"minecraft:bedrock":2,"minecraft:stone_axe":107,"minecraft:cobblestone":38,"minecraft:bow":2,"minecraft:furnace":2,"minecraft:porkchop":24,"minecraft:bucket":1,"minecraft:andesite":6,"minecraft:cobbled_deepslate":2,"minecraft:dandelion":5},"minecraft:dropped":{"minecraft:bedrock":1,"minecraft:rose_bush":1,"minecraft:string":1},"minecraft:killed":{"minecraft:pig":13,"minecraft:witch":1,"minecraft:spider":6,"minecraft:wandering_trader":1,"minecraft:creeper":1,"minecraft:skeleton":6,"minecraft:trader_llama":2,"minecraft:zombie":13,"minecraft:enderman":1},"minecraft:custom":{"minecraft:interact_with_furnace":12,"minecraft:mob_kills":46,"minecraft:interact_with_crafting_table":13,"minecraft:leave_game":3,"minecraft:time_since_death":15612,"minecraft:time_since_rest":15659,"minecraft:sprint_one_cm":327832,"minecraft:damage_taken":2089,"minecraft:walk_one_cm":312363,"minecraft:damage_blocked_by_shield":2085,"minecraft:drop":3,"minecraft:damage_dealt":8239,"minecraft:swim_one_cm":9531,"minecraft:talked_to_villager":1,"minecraft:fly_one_cm":390329,"minecraft:crouch_one_cm":11024,"minecraft:play_time":121286,"minecraft:deaths":6,"minecraft:sneak_time":4878,"minecraft:walk_under_water_one_cm":2240,"minecraft:jump":2845,"minecraft:walk_on_water_one_cm":4276,"minecraft:total_world_time":121286,"minecraft:fall_one_cm":80268},"minecraft:broken":{"minecraft:stone_pickaxe":1,"minecraft:wooden_pickaxe":1},"minecraft:killed_by":{"minecraft:skeleton":2,"minecraft:creeper":1},"minecraft:crafted":{"minecraft:crossbow":1,"minecraft:oak_planks":108,"minecraft:tripwire_hook":2,"minecraft:crafting_table":1,"minecraft:iron_helmet":1,"minecraft:wooden_pickaxe":1,"minecraft:furnace":1,"minecraft:bucket":1,"minecraft:stone_axe":2,"minecraft:air":0,"minecraft:iron_boots":1,"minecraft:iron_chestplate":1,"minecraft:shield":2,"minecraft:stick":12,"minecraft:iron_ingot":51,"minecraft:stone_pickaxe":2,"minecraft:stone_sword":1,"minecraft:iron_leggings":1},"minecraft:mined":{"minecraft:tuff":14,"minecraft:sculk_vein":1,"minecraft:dandelion":4,"minecraft:crafting_table":3,"minecraft:cornflower":1,"minecraft:granite":2,"minecraft:grass_block":4,"minecraft:poppy":3,"minecraft:rose_bush":4,"minecraft:copper_ore":4,"minecraft:tall_grass":69,"minecraft:cobblestone":5,"minecraft:sculk":3,"minecraft:diorite":2,"minecraft:sculk_catalyst":1,"minecraft:furnace":2,"minecraft:iron_ore":70,"minecraft:andesite":7,"minecraft:bee_nest":1,"minecraft:grass":97,"minecraft:oak_log":24,"minecraft:coal_ore":35,"minecraft:deepslate_iron_ore":5,"minecraft:dirt":1,"minecraft:stone":68,"minecraft:oak_leaves":3,"minecraft:deepslate":4},"minecraft:picked_up":{"minecraft:crafting_table":8,"minecraft:iron_chestplate":4,"minecraft:tripwire_hook":1,"minecraft:andesite":14,"minecraft:leather":2,"minecraft:lead":4,"minecraft:wooden_pickaxe":1,"minecraft:bedrock":5,"minecraft:tuff":41,"minecraft:oak_log":57,"minecraft:shield":2,"minecraft:gunpowder":7,"minecraft:dirt":39,"minecraft:cornflower":4,"minecraft:string":16,"minecraft:raw_copper":91,"minecraft:iron_leggings":4,"minecraft:bone":28,"minecraft:bow":6,"minecraft:wheat_seeds":21,"minecraft:cobbled_deepslate":10,"minecraft:stone_pickaxe":6,"minecraft:iron_ingot":42,"minecraft:rose_bush":2,"minecraft:poppy":6,"minecraft:oak_planks":79,"minecraft:iron_boots":4,"minecraft:furnace":5,"minecraft:stick":12,"minecraft:raw_iron":170,"minecraft:dandelion":13,"minecraft:lava_bucket":1,"minecraft:porkchop":27,"minecraft:diorite":4,"minecraft:grass_block":2,"minecraft:redstone":4,"minecraft:spider_eye":10,"minecraft:stone_sword":1,"minecraft:arrow":26,"minecraft:rotten_flesh":20,"minecraft:stone_axe":5,"minecraft:iron_helmet":4,"minecraft:crossbow":1,"minecraft:granite":9,"minecraft:oak_sapling":1,"minecraft:coal":82,"minecraft:snowball":59,"minecraft:ender_pearl":4,"minecraft:cobblestone":212,"minecraft:oxeye_daisy":4}},"DataVersion":3465}