{"stats":{"minecraft:used":{"minecraft:rose_bush":1,"minecraft:stone_pickaxe":128,"minecraft:wooden_pickaxe":32,"minecraft:bow":2,"minecraft:cobblestone":25,"minecraft:crafting_table":2,"minecraft:furnace":1,"minecraft:porkchop":7,"minecraft:andesite":3,"minecraft:snowball":29,"minecraft:tuff":13,"minecraft:cobbled_deepslate":2,"minecraft:granite":5},"minecraft:killed":{"minecraft:skeleton":1,"minecraft:zombie":1,"minecraft:pig":4,"minecraft:spider":2},"minecraft:custom":{"minecraft:time_since_rest":15009,"minecraft:interact_with_furnace":2,"minecraft:sprint_one_cm":126978,"minecraft:damage_taken":665,"minecraft:walk_one_cm":73751,"minecraft:mob_kills":9,"minecraft:damage_dealt":1084,"minecraft:swim_one_cm":9531,"minecraft:interact_with_crafting_table":4,"minecraft:fly_one_cm":110733,"minecraft:play_time":35015,"minecraft:crouch_one_cm":3713,"minecraft:deaths":2,"minecraft:sneak_time":1813,"minecraft:walk_under_water_one_cm":2240,"minecraft:jump":871,"minecraft:leave_game":2,"minecraft:time_since_death":14963,"minecraft:walk_on_water_one_cm":3674,"minecraft:total_world_time":35015,"minecraft:fall_one_cm":25519},"minecraft:broken":{"minecraft:stone_pickaxe":1,"minecraft:wooden_pickaxe":1},"minecraft:killed_by":{"minecraft:skeleton":1},"minecraft:crafted":{"minecraft:oak_planks":20,"minecraft:crafting_table":1,"minecraft:stick":4,"minecraft:wooden_pickaxe":1,"minecraft:iron_ingot":25,"minecraft:stone_pickaxe":1,"minecraft:furnace":1,"minecraft:air":0},"minecraft:mined":{"minecraft:tuff":13,"minecraft:sculk_catalyst":1,"minecraft:iron_ore":38,"minecraft:sculk_vein":1,"minecraft:andesite":3,"minecraft:crafting_table":1,"minecraft:granite":2,"minecraft:grass":3,"minecraft:oak_log":5,"minecraft:coal_ore":9,"minecraft:deepslate_iron_ore":1,"minecraft:rose_bush":3,"minecraft:copper_ore":4,"minecraft:cobblestone":1,"minecraft:stone":51,"minecraft:sculk":2,"minecraft:deepslate":2},"minecraft:picked_up":{"minecraft:crafting_table":3,"minecraft:raw_iron":89,"minecraft:andesite":3,"minecraft:wooden_pickaxe":1,"minecraft:porkchop":11,"minecraft:tuff":39,"minecraft:oak_log":5,"minecraft:gunpowder":3,"minecraft:spider_eye":2,"minecraft:raw_copper":39,"minecraft:arrow":4,"minecraft:bow":2,"minecraft:wheat_seeds":1,"minecraft:cobbled_deepslate":6,"minecraft:stone_pickaxe":2,"minecraft:granite":9,"minecraft:rose_bush":1,"minecraft:oak_planks":22,"minecraft:coal":27,"minecraft:snowball":52,"minecraft:cobblestone":126}},"DataVersion":3465}