{"stats":{"minecraft:used":{"minecraft:rose_bush":1,"minecraft:stone_sword":140,"minecraft:stone_pickaxe":198,"minecraft:wooden_pickaxe":32,"minecraft:shield":59,"minecraft:rotten_flesh":11,"minecraft:iron_chestplate":2,"minecraft:crafting_table":3,"minecraft:crossbow":1,"minecraft:tuff":13,"minecraft:granite":5,"minecraft:snowball":36,"minecraft:grass_block":1,"minecraft:bedrock":1,"minecraft:stone_axe":55,"minecraft:cobblestone":37,"minecraft:bow":2,"minecraft:furnace":2,"minecraft:porkchop":24,"minecraft:bucket":1,"minecraft:andesite":6,"minecraft:cobbled_deepslate":2},"minecraft:dropped":{"minecraft:bedrock":1,"minecraft:string":1},"minecraft:killed":{"minecraft:pig":12,"minecraft:witch":1,"minecraft:spider":6,"minecraft:creeper":1,"minecraft:skeleton":5,"minecraft:zombie":12,"minecraft:enderman":1},"minecraft:custom":{"minecraft:interact_with_furnace":11,"minecraft:mob_kills":40,"minecraft:interact_with_crafting_table":13,"minecraft:leave_game":2,"minecraft:time_since_death":21916,"minecraft:time_since_rest":21976,"minecraft:sprint_one_cm":291587,"minecraft:damage_taken":1750,"minecraft:walk_one_cm":202383,"minecraft:damage_blocked_by_shield":1630,"minecraft:drop":2,"minecraft:damage_dealt":6658,"minecraft:swim_one_cm":9531,"minecraft:fly_one_cm":349563,"minecraft:crouch_one_cm":11024,"minecraft:play_time":95015,"minecraft:deaths":5,"minecraft:sneak_time":4828,"minecraft:walk_under_water_one_cm":2240,"minecraft:jump":2296,"minecraft:walk_on_water_one_cm":4276,"minecraft:total_world_time":95015,"minecraft:fall_one_cm":69695},"minecraft:broken":{"minecraft:stone_pickaxe":1,"minecraft:wooden_pickaxe":1},"minecraft:killed_by":{"minecraft:skeleton":2},"minecraft:crafted":{"minecraft:crossbow":1,"minecraft:oak_planks":80,"minecraft:tripwire_hook":2,"minecraft:crafting_table":1,"minecraft:wooden_pickaxe":1,"minecraft:iron_helmet":1,"minecraft:furnace":1,"minecraft:bucket":1,"minecraft:stone_axe":2,"minecraft:air":0,"minecraft:iron_boots":1,"minecraft:iron_chestplate":1,"minecraft:shield":2,"minecraft:stick":12,"minecraft:iron_ingot":51,"minecraft:stone_pickaxe":2,"minecraft:stone_sword":1,"minecraft:iron_leggings":1},"minecraft:mined":{"minecraft:tuff":14,"minecraft:sculk_vein":1,"minecraft:dandelion":2,"minecraft:cornflower":1,"minecraft:crafting_table":2,"minecraft:granite":2,"minecraft:grass_block":3,"minecraft:poppy":1,"minecraft:rose_bush":4,"minecraft:tall_grass":41,"minecraft:cobblestone":5,"minecraft:copper_ore":4,"minecraft:sculk":3,"minecraft:diorite":2,"minecraft:sculk_catalyst":1,"minecraft:furnace":1,"minecraft:iron_ore":67,"minecraft:andesite":7,"minecraft:grass":34,"minecraft:coal_ore":16,"minecraft:oak_log":20,"minecraft:deepslate_iron_ore":4,"minecraft:dirt":1,"minecraft:stone":68,"minecraft:oak_leaves":1,"minecraft:deepslate":4},"minecraft:picked_up":{"minecraft:iron_chestplate":3,"minecraft:crafting_table":6,"minecraft:andesite":13,"minecraft:wooden_pickaxe":1,"minecraft:bedrock":4,"minecraft:tuff":40,"minecraft:oak_log":50,"minecraft:shield":1,"minecraft:gunpowder":6,"minecraft:dirt":8,"minecraft:cornflower":3,"minecraft:string":13,"minecraft:raw_copper":78,"minecraft:iron_leggings":3,"minecraft:bone":20,"minecraft:bow":5,"minecraft:wheat_seeds":12,"minecraft:cobbled_deepslate":8,"minecraft:iron_ingot":14,"minecraft:stone_pickaxe":5,"minecraft:rose_bush":2,"minecraft:poppy":3,"minecraft:oak_planks":25,"minecraft:iron_boots":3,"minecraft:furnace":3,"minecraft:stick":12,"minecraft:raw_iron":153,"minecraft:dandelion":6,"minecraft:porkchop":24,"minecraft:diorite":2,"minecraft:grass_block":2,"minecraft:redstone":2,"minecraft:spider_eye":8,"minecraft:stone_sword":1,"minecraft:arrow":21,"minecraft:rotten_flesh":20,"minecraft:stone_axe":3,"minecraft:iron_helmet":3,"minecraft:granite":9,"minecraft:coal":40,"minecraft:snowball":59,"minecraft:oxeye_daisy":3,"minecraft:cobblestone":189,"minecraft:ender_pearl":3}},"DataVersion":3465}