{"stats":{"minecraft:custom":{"minecraft:time_since_rest":38187,"minecraft:crouch_one_cm":6084,"minecraft:play_time":38187,"minecraft:sprint_one_cm":18258,"minecraft:damage_taken":210,"minecraft:walk_one_cm":49306,"minecraft:sneak_time":3465,"minecraft:walk_under_water_one_cm":1876,"minecraft:jump":266,"minecraft:leave_game":5,"minecraft:time_since_death":38187,"minecraft:walk_on_water_one_cm":13370,"minecraft:total_world_time":38187,"minecraft:climb_one_cm":5247,"minecraft:swim_one_cm":6006,"minecraft:fly_one_cm":30125,"minecraft:fall_one_cm":6279},"minecraft:used":{"minecraft:moss_carpet":11,"minecraft:mangrove_roots":20,"minecraft:mangrove_planks":139},"minecraft:picked_up":{"minecraft:stick":1,"minecraft:lily_pad":30,"minecraft:mangrove_roots":20,"minecraft:mangrove_planks":3,"minecraft:mangrove_propagule":4,"minecraft:mangrove_log":34,"minecraft:moss_carpet":17},"minecraft:mined":{"minecraft:seagrass":2,"minecraft:grass":2,"minecraft:tall_seagrass":5,"minecraft:vine":5,"minecraft:dead_bush":1,"minecraft:mangrove_log":39,"minecraft:lily_pad":32,"minecraft:mangrove_roots":24,"minecraft:mangrove_propagule":3,"minecraft:moss_carpet":7,"minecraft:mangrove_planks":3,"minecraft:mangrove_leaves":23},"minecraft:crafted":{"minecraft:mangrove_planks":136}},"DataVersion":3465}