{"stats":{"minecraft:dropped":{"minecraft:wheat_seeds":8,"minecraft:bedrock":1,"minecraft:dirt":38,"minecraft:rose_bush":1,"minecraft:string":1,"minecraft:flint_and_steel":1,"minecraft:andesite":1,"minecraft:oak_sapling":3,"minecraft:spider_eye":2},"minecraft:killed_by":{"minecraft:creeper":1,"minecraft:skeleton":2,"minecraft:zombie":2,"iceandfire:ghost":1},"minecraft:used":{"minecraft:rose_bush":1,"minecraft:stone_sword":140,"minecraft:stone_shovel":24,"minecraft:poppy":2,"minecraft:shield":269,"minecraft:rotten_flesh":14,"minecraft:iron_chestplate":4,"minecraft:dirt":31,"minecraft:tuff":14,"minecraft:granite":5,"minecraft:snowball":100,"minecraft:grass_block":1,"minecraft:iron_boots":2,"minecraft:bedrock":2,"minecraft:bow":3,"minecraft:furnace":3,"minecraft:egg":1,"minecraft:cooked_beef":2,"minecraft:cobbled_deepslate":2,"minecraft:iron_leggings":1,"minecraft:diorite":2,"minecraft:stone_pickaxe":233,"minecraft:oak_planks":9,"minecraft:wooden_pickaxe":32,"minecraft:salmon":1,"minecraft:crafting_table":5,"minecraft:crossbow":2,"minecraft:smoker":1,"minecraft:cornflower":1,"minecraft:oxeye_daisy":1,"minecraft:string":3,"minecraft:stone_axe":233,"minecraft:cobblestone":46,"minecraft:porkchop":27,"minecraft:andesite":6,"minecraft:bucket":1,"minecraft:oak_boat":2,"minecraft:dandelion":5},"minecraft:mined":{"minecraft:tuff":14,"minecraft:sculk_vein":1,"minecraft:granite":2,"minecraft:grass_block":9,"minecraft:kelp":1,"minecraft:sculk_catalyst":1,"minecraft:furnace":3,"minecraft:iron_ore":72,"minecraft:andesite":7,"minecraft:deepslate_iron_ore":5,"minecraft:stone":68,"minecraft:snow_block":24,"minecraft:dandelion":4,"minecraft:powder_snow":14,"minecraft:crafting_table":4,"minecraft:cornflower":1,"minecraft:poppy":3,"minecraft:chest":1,"minecraft:rose_bush":4,"minecraft:tall_grass":77,"minecraft:copper_ore":4,"minecraft:cobblestone":13,"minecraft:oak_planks":7,"minecraft:sculk":3,"minecraft:diorite":2,"minecraft:bee_nest":1,"minecraft:grass":117,"minecraft:oak_log":50,"minecraft:coal_ore":35,"minecraft:dirt":5,"minecraft:oak_leaves":5,"minecraft:deepslate":4},"minecraft:custom":{"minecraft:mob_kills":79,"minecraft:interact_with_crafting_table":19,"minecraft:leave_game":11,"minecraft:time_since_death":2452,"minecraft:sprint_one_cm":459890,"minecraft:walk_one_cm":435554,"minecraft:damage_blocked_by_shield":6735,"minecraft:drop":9,"minecraft:talked_to_villager":1,"minecraft:play_time":201407,"minecraft:deaths":13,"minecraft:sneak_time":5693,"minecraft:walk_under_water_one_cm":14566,"minecraft:boat_one_cm":149360,"minecraft:jump":3732,"minecraft:walk_on_water_one_cm":19855,"minecraft:total_world_time":201407,"minecraft:interact_with_furnace":13,"minecraft:time_since_rest":2493,"minecraft:damage_taken":4011,"minecraft:damage_dealt":13185,"minecraft:swim_one_cm":46248,"minecraft:fly_one_cm":525236,"minecraft:open_chest":1,"minecraft:crouch_one_cm":12098,"minecraft:interact_with_smoker":2,"minecraft:fall_one_cm":106487},"minecraft:killed":{"minecraft:witch":1,"minecraft:spider":6,"minecraft:skeleton":6,"minecraft:pig":17,"minecraft:salmon":1,"minecraft:wandering_trader":1,"minecraft:creeper":2,"minecraft:trader_llama":2,"minecraft:goat":2,"minecraft:zombie":22,"minecraft:cow":13,"minecraft:enderman":1},"minecraft:picked_up":{"minecraft:crafting_table":10,"minecraft:iron_chestplate":7,"minecraft:lead":11,"minecraft:wooden_pickaxe":1,"minecraft:shield":5,"minecraft:cornflower":4,"minecraft:string":22,"minecraft:raw_copper":130,"minecraft:flint_and_steel":3,"minecraft:iron_leggings":7,"minecraft:cobbled_deepslate":12,"minecraft:beef":61,"minecraft:oak_boat":4,"minecraft:rose_bush":2,"minecraft:poppy":6,"minecraft:egg":1,"minecraft:iron_boots":7,"minecraft:furnace":7,"minecraft:golden_helmet":2,"minecraft:stick":12,"minecraft:raw_iron":213,"minecraft:fire_charge":2,"minecraft:porkchop":51,"minecraft:diorite":6,"minecraft:redstone":10,"minecraft:rotten_flesh":34,"minecraft:stone_sword":1,"minecraft:arrow":41,"minecraft:stone_shovel":2,"minecraft:snowball":123,"minecraft:cobblestone":265,"minecraft:oxeye_daisy":4,"minecraft:cooked_beef":28,"minecraft:tripwire_hook":4,"minecraft:andesite":15,"minecraft:salmon":1,"minecraft:leather":30,"minecraft:bedrock":5,"minecraft:flint":6,"minecraft:tuff":41,"minecraft:oak_log":83,"minecraft:gunpowder":13,"minecraft:dirt":174,"minecraft:bone":48,"minecraft:apple":3,"minecraft:bow":9,"minecraft:wheat_seeds":35,"minecraft:stone_pickaxe":10,"minecraft:iron_ingot":93,"minecraft:oak_planks":486,"minecraft:dandelion":13,"minecraft:lava_bucket":4,"minecraft:grass_block":2,"minecraft:spider_eye":12,"minecraft:stone_axe":11,"minecraft:iron_helmet":7,"minecraft:crossbow":4,"minecraft:granite":9,"minecraft:oak_sapling":4,"minecraft:coal":145,"minecraft:ender_pearl":7},"minecraft:broken":{"minecraft:wooden_pickaxe":1,"minecraft:stone_pickaxe":1,"minecraft:stone_axe":2},"minecraft:crafted":{"minecraft:oak_planks":196,"minecraft:stone_shovel":1,"minecraft:tripwire_hook":2,"minecraft:furnace":1,"minecraft:iron_boots":1,"minecraft:stone_pickaxe":3,"minecraft:smoker":1,"minecraft:cooked_beef":17,"minecraft:crossbow":1,"minecraft:crafting_table":1,"minecraft:wooden_pickaxe":1,"minecraft:iron_helmet":1,"minecraft:bucket":1,"minecraft:stone_axe":4,"minecraft:air":0,"minecraft:oak_boat":1,"minecraft:iron_chestplate":1,"minecraft:shield":2,"minecraft:stick":20,"minecraft:iron_ingot":51,"minecraft:stone_sword":1,"minecraft:iron_leggings":1}},"DataVersion":3465}