{"stats":{"minecraft:used":{"minecraft:rose_bush":1,"minecraft:stone_pickaxe":102,"minecraft:wooden_pickaxe":32,"minecraft:cobblestone":9,"minecraft:crafting_table":1,"minecraft:porkchop":3,"minecraft:granite":3,"minecraft:snowball":28},"minecraft:killed":{"minecraft:skeleton":1,"minecraft:zombie":1,"minecraft:pig":1,"minecraft:spider":1},"minecraft:custom":{"minecraft:time_since_rest":3026,"minecraft:sprint_one_cm":79715,"minecraft:damage_taken":465,"minecraft:walk_one_cm":41857,"minecraft:mob_kills":5,"minecraft:damage_dealt":754,"minecraft:interact_with_crafting_table":2,"minecraft:fly_one_cm":44779,"minecraft:crouch_one_cm":2544,"minecraft:play_time":19029,"minecraft:deaths":1,"minecraft:sneak_time":998,"minecraft:jump":456,"minecraft:leave_game":1,"minecraft:time_since_death":2998,"minecraft:total_world_time":19029,"minecraft:fall_one_cm":12600},"minecraft:broken":{"minecraft:wooden_pickaxe":1},"minecraft:killed_by":{"minecraft:skeleton":1},"minecraft:crafted":{"minecraft:oak_planks":20,"minecraft:crafting_table":1,"minecraft:stick":4,"minecraft:wooden_pickaxe":1,"minecraft:stone_pickaxe":1},"minecraft:mined":{"minecraft:tuff":13,"minecraft:sculk_catalyst":1,"minecraft:iron_ore":24,"minecraft:sculk_vein":1,"minecraft:crafting_table":1,"minecraft:granite":2,"minecraft:grass":2,"minecraft:oak_log":5,"minecraft:coal_ore":9,"minecraft:deepslate_iron_ore":1,"minecraft:rose_bush":3,"minecraft:copper_ore":4,"minecraft:cobblestone":1,"minecraft:stone":42,"minecraft:sculk":2,"minecraft:deepslate":2},"minecraft:picked_up":{"minecraft:raw_iron":50,"minecraft:crafting_table":2,"minecraft:wooden_pickaxe":1,"minecraft:porkchop":3,"minecraft:tuff":26,"minecraft:oak_log":5,"minecraft:gunpowder":2,"minecraft:spider_eye":1,"minecraft:raw_copper":26,"minecraft:arrow":2,"minecraft:bow":1,"minecraft:cobbled_deepslate":4,"minecraft:stone_pickaxe":1,"minecraft:granite":7,"minecraft:rose_bush":1,"minecraft:oak_planks":11,"minecraft:coal":18,"minecraft:snowball":44,"minecraft:cobblestone":78}},"DataVersion":3465}