{"stats":{"minecraft:mined":{"minecraft:seagrass":2,"minecraft:grass":2,"minecraft:tall_seagrass":5,"minecraft:vine":2,"minecraft:dead_bush":1,"minecraft:mangrove_log":21,"minecraft:lily_pad":30,"minecraft:mangrove_roots":20,"minecraft:mangrove_propagule":3,"minecraft:moss_carpet":3,"minecraft:mangrove_planks":1,"minecraft:mangrove_leaves":10},"minecraft:used":{"minecraft:moss_carpet":6,"minecraft:mangrove_roots":13,"minecraft:mangrove_planks":45},"minecraft:custom":{"minecraft:time_since_rest":27090,"minecraft:crouch_one_cm":3993,"minecraft:play_time":27090,"minecraft:sprint_one_cm":18103,"minecraft:damage_taken":60,"minecraft:walk_one_cm":29131,"minecraft:sneak_time":2599,"minecraft:walk_under_water_one_cm":1027,"minecraft:jump":188,"minecraft:leave_game":5,"minecraft:time_since_death":27090,"minecraft:walk_on_water_one_cm":11374,"minecraft:total_world_time":27090,"minecraft:climb_one_cm":1670,"minecraft:swim_one_cm":6006,"minecraft:fly_one_cm":30125,"minecraft:fall_one_cm":3267},"minecraft:picked_up":{"minecraft:lily_pad":30,"minecraft:mangrove_roots":16,"minecraft:mangrove_planks":1,"minecraft:mangrove_propagule":4,"minecraft:mangrove_log":16,"minecraft:moss_carpet":11},"minecraft:crafted":{"minecraft:mangrove_planks":44}},"DataVersion":3465}