{"stats":{"minecraft:used":{"minecraft:rose_bush":1,"minecraft:stone_sword":140,"minecraft:stone_pickaxe":157,"minecraft:wooden_pickaxe":32,"minecraft:shield":59,"minecraft:rotten_flesh":6,"minecraft:iron_chestplate":2,"minecraft:crafting_table":2,"minecraft:tuff":13,"minecraft:granite":5,"minecraft:snowball":36,"minecraft:grass_block":1,"minecraft:bedrock":1,"minecraft:stone_axe":36,"minecraft:cobblestone":31,"minecraft:bow":2,"minecraft:furnace":1,"minecraft:porkchop":24,"minecraft:andesite":6,"minecraft:cobbled_deepslate":2},"minecraft:dropped":{"minecraft:bedrock":1},"minecraft:killed":{"minecraft:pig":12,"minecraft:spider":6,"minecraft:creeper":1,"minecraft:skeleton":4,"minecraft:zombie":9,"minecraft:enderman":1},"minecraft:custom":{"minecraft:interact_with_furnace":5,"minecraft:mob_kills":35,"minecraft:interact_with_crafting_table":8,"minecraft:leave_game":2,"minecraft:time_since_death":9916,"minecraft:time_since_rest":9976,"minecraft:sprint_one_cm":264051,"minecraft:damage_taken":1592,"minecraft:walk_one_cm":183187,"minecraft:damage_blocked_by_shield":1630,"minecraft:drop":1,"minecraft:damage_dealt":5761,"minecraft:swim_one_cm":9531,"minecraft:fly_one_cm":315050,"minecraft:crouch_one_cm":5825,"minecraft:play_time":83015,"minecraft:deaths":5,"minecraft:sneak_time":2921,"minecraft:walk_under_water_one_cm":2240,"minecraft:jump":2013,"minecraft:walk_on_water_one_cm":4276,"minecraft:total_world_time":83015,"minecraft:fall_one_cm":59807},"minecraft:broken":{"minecraft:stone_pickaxe":1,"minecraft:wooden_pickaxe":1},"minecraft:killed_by":{"minecraft:skeleton":2},"minecraft:crafted":{"minecraft:oak_planks":20,"minecraft:crafting_table":1,"minecraft:wooden_pickaxe":1,"minecraft:iron_helmet":1,"minecraft:furnace":1,"minecraft:stone_axe":1,"minecraft:air":0,"minecraft:iron_boots":1,"minecraft:iron_chestplate":1,"minecraft:shield":1,"minecraft:stick":12,"minecraft:iron_ingot":39,"minecraft:stone_pickaxe":2,"minecraft:stone_sword":1,"minecraft:iron_leggings":1},"minecraft:mined":{"minecraft:tuff":13,"minecraft:sculk_vein":1,"minecraft:dandelion":2,"minecraft:cornflower":1,"minecraft:crafting_table":2,"minecraft:granite":2,"minecraft:grass_block":3,"minecraft:poppy":1,"minecraft:rose_bush":4,"minecraft:tall_grass":41,"minecraft:cobblestone":1,"minecraft:copper_ore":4,"minecraft:sculk":3,"minecraft:sculk_catalyst":1,"minecraft:furnace":1,"minecraft:iron_ore":61,"minecraft:andesite":6,"minecraft:grass":34,"minecraft:coal_ore":9,"minecraft:oak_log":20,"minecraft:deepslate_iron_ore":1,"minecraft:dirt":1,"minecraft:stone":53,"minecraft:oak_leaves":1,"minecraft:deepslate":2},"minecraft:picked_up":{"minecraft:iron_chestplate":3,"minecraft:crafting_table":6,"minecraft:andesite":12,"minecraft:wooden_pickaxe":1,"minecraft:bedrock":4,"minecraft:tuff":39,"minecraft:oak_log":50,"minecraft:shield":1,"minecraft:gunpowder":6,"minecraft:dirt":8,"minecraft:cornflower":3,"minecraft:string":10,"minecraft:raw_copper":78,"minecraft:iron_leggings":3,"minecraft:bone":20,"minecraft:bow":5,"minecraft:wheat_seeds":12,"minecraft:cobbled_deepslate":6,"minecraft:iron_ingot":14,"minecraft:stone_pickaxe":5,"minecraft:rose_bush":2,"minecraft:poppy":3,"minecraft:oak_planks":25,"minecraft:iron_boots":3,"minecraft:furnace":3,"minecraft:stick":9,"minecraft:raw_iron":144,"minecraft:dandelion":6,"minecraft:porkchop":24,"minecraft:grass_block":2,"minecraft:spider_eye":8,"minecraft:stone_sword":1,"minecraft:arrow":21,"minecraft:rotten_flesh":15,"minecraft:stone_axe":3,"minecraft:iron_helmet":3,"minecraft:granite":9,"minecraft:coal":33,"minecraft:snowball":59,"minecraft:oxeye_daisy":3,"minecraft:cobblestone":170,"minecraft:ender_pearl":3}},"DataVersion":3465}