{"stats":{"minecraft:killed_by":{"minecraft:skeleton":2,"minecraft:creeper":1},"minecraft:custom":{"minecraft:interact_with_furnace":12,"minecraft:mob_kills":52,"minecraft:interact_with_crafting_table":13,"minecraft:leave_game":5,"minecraft:time_since_death":4071,"minecraft:time_since_rest":4096,"minecraft:sprint_one_cm":343659,"minecraft:damage_taken":2281,"minecraft:walk_one_cm":339744,"minecraft:damage_blocked_by_shield":2160,"minecraft:drop":3,"minecraft:damage_dealt":9315,"minecraft:swim_one_cm":9531,"minecraft:talked_to_villager":1,"minecraft:fly_one_cm":400364,"minecraft:crouch_one_cm":11024,"minecraft:play_time":139651,"minecraft:deaths":7,"minecraft:sneak_time":4882,"minecraft:walk_under_water_one_cm":2240,"minecraft:jump":2939,"minecraft:walk_on_water_one_cm":4276,"minecraft:total_world_time":139651,"minecraft:fall_one_cm":82548},"minecraft:picked_up":{"minecraft:crafting_table":9,"minecraft:iron_chestplate":5,"minecraft:tripwire_hook":2,"minecraft:andesite":15,"minecraft:leather":3,"minecraft:lead":6,"minecraft:wooden_pickaxe":1,"minecraft:bedrock":5,"minecraft:tuff":41,"minecraft:oak_log":57,"minecraft:shield":3,"minecraft:gunpowder":9,"minecraft:string":19,"minecraft:cornflower":4,"minecraft:dirt":70,"minecraft:raw_copper":104,"minecraft:iron_leggings":5,"minecraft:bone":36,"minecraft:bow":7,"minecraft:wheat_seeds":29,"minecraft:cobbled_deepslate":12,"minecraft:iron_ingot":59,"minecraft:stone_pickaxe":7,"minecraft:rose_bush":2,"minecraft:poppy":6,"minecraft:oak_planks":167,"minecraft:iron_boots":5,"minecraft:furnace":6,"minecraft:stick":12,"minecraft:raw_iron":183,"minecraft:dandelion":13,"minecraft:lava_bucket":2,"minecraft:porkchop":27,"minecraft:diorite":6,"minecraft:grass_block":2,"minecraft:redstone":6,"minecraft:spider_eye":12,"minecraft:stone_sword":1,"minecraft:arrow":31,"minecraft:rotten_flesh":21,"minecraft:stone_axe":7,"minecraft:iron_helmet":5,"minecraft:crossbow":2,"minecraft:granite":9,"minecraft:oak_sapling":2,"minecraft:coal":105,"minecraft:snowball":59,"minecraft:ender_pearl":5,"minecraft:cobblestone":235,"minecraft:oxeye_daisy":4},"minecraft:broken":{"minecraft:stone_pickaxe":1,"minecraft:wooden_pickaxe":1},"minecraft:killed":{"minecraft:pig":13,"minecraft:witch":1,"minecraft:spider":6,"minecraft:wandering_trader":1,"minecraft:creeper":2,"minecraft:skeleton":6,"minecraft:trader_llama":2,"minecraft:zombie":17,"minecraft:enderman":1},"minecraft:dropped":{"minecraft:bedrock":1,"minecraft:rose_bush":1,"minecraft:string":1},"minecraft:mined":{"minecraft:tuff":14,"minecraft:sculk_vein":1,"minecraft:dandelion":4,"minecraft:crafting_table":3,"minecraft:cornflower":1,"minecraft:granite":2,"minecraft:grass_block":4,"minecraft:poppy":3,"minecraft:rose_bush":4,"minecraft:copper_ore":4,"minecraft:tall_grass":69,"minecraft:cobblestone":13,"minecraft:oak_planks":6,"minecraft:sculk":3,"minecraft:diorite":2,"minecraft:sculk_catalyst":1,"minecraft:furnace":2,"minecraft:iron_ore":70,"minecraft:andesite":7,"minecraft:bee_nest":1,"minecraft:grass":97,"minecraft:oak_log":24,"minecraft:coal_ore":35,"minecraft:deepslate_iron_ore":5,"minecraft:dirt":1,"minecraft:stone":68,"minecraft:oak_leaves":4,"minecraft:deepslate":4},"minecraft:used":{"minecraft:stone_sword":140,"minecraft:rose_bush":1,"minecraft:stone_pickaxe":230,"minecraft:poppy":2,"minecraft:oak_planks":6,"minecraft:wooden_pickaxe":32,"minecraft:shield":106,"minecraft:rotten_flesh":12,"minecraft:iron_chestplate":3,"minecraft:crafting_table":3,"minecraft:crossbow":2,"minecraft:tuff":14,"minecraft:granite":5,"minecraft:snowball":36,"minecraft:cornflower":1,"minecraft:oxeye_daisy":1,"minecraft:grass_block":1,"minecraft:iron_boots":1,"minecraft:stone_axe":134,"minecraft:bedrock":2,"minecraft:cobblestone":46,"minecraft:bow":2,"minecraft:furnace":2,"minecraft:porkchop":27,"minecraft:andesite":6,"minecraft:bucket":1,"minecraft:iron_leggings":1,"minecraft:cobbled_deepslate":2,"minecraft:dandelion":5},"minecraft:crafted":{"minecraft:crossbow":1,"minecraft:oak_planks":108,"minecraft:tripwire_hook":2,"minecraft:crafting_table":1,"minecraft:iron_helmet":1,"minecraft:wooden_pickaxe":1,"minecraft:furnace":1,"minecraft:bucket":1,"minecraft:stone_axe":2,"minecraft:air":0,"minecraft:iron_boots":1,"minecraft:iron_chestplate":1,"minecraft:shield":2,"minecraft:stick":12,"minecraft:iron_ingot":51,"minecraft:stone_pickaxe":2,"minecraft:stone_sword":1,"minecraft:iron_leggings":1}},"DataVersion":3465}