{"stats":{"minecraft:mined":{"minecraft:grass":2,"minecraft:tall_seagrass":1,"minecraft:dead_bush":1,"minecraft:mangrove_log":6,"minecraft:mangrove_roots":6,"minecraft:moss_carpet":1,"minecraft:mangrove_propagule":2,"minecraft:mangrove_leaves":1},"minecraft:used":{"minecraft:mangrove_roots":3},"minecraft:custom":{"minecraft:time_since_rest":17545,"minecraft:sprint_one_cm":17636,"minecraft:play_time":17545,"minecraft:damage_taken":60,"minecraft:walk_one_cm":19180,"minecraft:sneak_time":20,"minecraft:walk_under_water_one_cm":95,"minecraft:jump":153,"minecraft:leave_game":2,"minecraft:walk_on_water_one_cm":5446,"minecraft:time_since_death":17545,"minecraft:climb_one_cm":1108,"minecraft:total_world_time":17545,"minecraft:swim_one_cm":4663,"minecraft:fall_one_cm":3267,"minecraft:fly_one_cm":29263},"minecraft:picked_up":{"minecraft:mangrove_roots":3,"minecraft:mangrove_log":6,"minecraft:mangrove_propagule":3,"minecraft:moss_carpet":2}},"DataVersion":3465}