{"stats":{"minecraft:used":{"minecraft:rose_bush":1,"minecraft:stone_sword":120,"minecraft:stone_pickaxe":150,"minecraft:wooden_pickaxe":32,"minecraft:shield":50,"minecraft:rotten_flesh":1,"minecraft:iron_chestplate":1,"minecraft:crafting_table":2,"minecraft:tuff":13,"minecraft:granite":5,"minecraft:snowball":36,"minecraft:stone_axe":20,"minecraft:cobblestone":31,"minecraft:bow":2,"minecraft:furnace":1,"minecraft:porkchop":21,"minecraft:andesite":3,"minecraft:cobbled_deepslate":2},"minecraft:killed":{"minecraft:pig":12,"minecraft:spider":3,"minecraft:creeper":1,"minecraft:skeleton":4,"minecraft:zombie":6,"minecraft:enderman":1},"minecraft:custom":{"minecraft:interact_with_furnace":5,"minecraft:mob_kills":29,"minecraft:interact_with_crafting_table":8,"minecraft:leave_game":2,"minecraft:time_since_death":15741,"minecraft:time_since_rest":15778,"minecraft:sprint_one_cm":206773,"minecraft:damage_taken":1122,"minecraft:walk_one_cm":153693,"minecraft:damage_blocked_by_shield":1450,"minecraft:damage_dealt":4210,"minecraft:swim_one_cm":9531,"minecraft:fly_one_cm":195558,"minecraft:crouch_one_cm":5807,"minecraft:play_time":59015,"minecraft:deaths":3,"minecraft:sneak_time":2700,"minecraft:walk_under_water_one_cm":2240,"minecraft:jump":1492,"minecraft:walk_on_water_one_cm":4276,"minecraft:total_world_time":59015,"minecraft:fall_one_cm":38930},"minecraft:broken":{"minecraft:stone_pickaxe":1,"minecraft:wooden_pickaxe":1},"minecraft:killed_by":{"minecraft:skeleton":2},"minecraft:crafted":{"minecraft:oak_planks":20,"minecraft:crafting_table":1,"minecraft:wooden_pickaxe":1,"minecraft:iron_helmet":1,"minecraft:furnace":1,"minecraft:stone_axe":1,"minecraft:air":0,"minecraft:iron_boots":1,"minecraft:iron_chestplate":1,"minecraft:shield":1,"minecraft:stick":12,"minecraft:iron_ingot":39,"minecraft:stone_pickaxe":2,"minecraft:stone_sword":1,"minecraft:iron_leggings":1},"minecraft:mined":{"minecraft:tuff":13,"minecraft:sculk_vein":1,"minecraft:dandelion":2,"minecraft:cornflower":1,"minecraft:crafting_table":2,"minecraft:granite":2,"minecraft:poppy":1,"minecraft:rose_bush":3,"minecraft:tall_grass":41,"minecraft:cobblestone":1,"minecraft:copper_ore":4,"minecraft:sculk":3,"minecraft:sculk_catalyst":1,"minecraft:furnace":1,"minecraft:iron_ore":54,"minecraft:andesite":6,"minecraft:grass":27,"minecraft:coal_ore":9,"minecraft:oak_log":20,"minecraft:deepslate_iron_ore":1,"minecraft:stone":53,"minecraft:oak_leaves":1,"minecraft:deepslate":2},"minecraft:picked_up":{"minecraft:iron_chestplate":1,"minecraft:crafting_table":4,"minecraft:andesite":6,"minecraft:wooden_pickaxe":1,"minecraft:bedrock":1,"minecraft:tuff":39,"minecraft:oak_log":20,"minecraft:shield":1,"minecraft:gunpowder":4,"minecraft:cornflower":1,"minecraft:string":2,"minecraft:raw_copper":52,"minecraft:iron_leggings":1,"minecraft:bone":8,"minecraft:bow":3,"minecraft:wheat_seeds":11,"minecraft:cobbled_deepslate":6,"minecraft:iron_ingot":14,"minecraft:stone_pickaxe":3,"minecraft:rose_bush":1,"minecraft:poppy":1,"minecraft:oak_planks":23,"minecraft:iron_boots":1,"minecraft:furnace":1,"minecraft:stick":3,"minecraft:raw_iron":105,"minecraft:dandelion":2,"minecraft:porkchop":24,"minecraft:grass_block":1,"minecraft:spider_eye":3,"minecraft:stone_sword":1,"minecraft:arrow":11,"minecraft:rotten_flesh":4,"minecraft:stone_axe":1,"minecraft:iron_helmet":1,"minecraft:granite":9,"minecraft:coal":30,"minecraft:snowball":59,"minecraft:oxeye_daisy":1,"minecraft:cobblestone":144,"minecraft:ender_pearl":1}},"DataVersion":3465}