{"stats":{"minecraft:used":{"minecraft:cobblestone":8,"minecraft:crafting_table":1,"minecraft:stone_pickaxe":45,"minecraft:wooden_pickaxe":5,"minecraft:snowball":28},"minecraft:killed":{"minecraft:skeleton":1,"minecraft:pig":1},"minecraft:custom":{"minecraft:time_since_rest":7029,"minecraft:crouch_one_cm":257,"minecraft:sprint_one_cm":34785,"minecraft:play_time":7029,"minecraft:damage_taken":120,"minecraft:walk_one_cm":12646,"minecraft:sneak_time":63,"minecraft:mob_kills":2,"minecraft:jump":117,"minecraft:damage_dealt":140,"minecraft:leave_game":1,"minecraft:time_since_death":7029,"minecraft:total_world_time":7029,"minecraft:fall_one_cm":3094,"minecraft:interact_with_crafting_table":2,"minecraft:fly_one_cm":14157},"minecraft:crafted":{"minecraft:oak_planks":20,"minecraft:crafting_table":1,"minecraft:stick":4,"minecraft:wooden_pickaxe":1,"minecraft:stone_pickaxe":1},"minecraft:mined":{"minecraft:coal_ore":9,"minecraft:oak_log":5,"minecraft:iron_ore":14,"minecraft:copper_ore":4,"minecraft:stone":21,"minecraft:crafting_table":1},"minecraft:picked_up":{"minecraft:raw_copper":13,"minecraft:crafting_table":1,"minecraft:raw_iron":14,"minecraft:porkchop":3,"minecraft:oak_log":5,"minecraft:gunpowder":1,"minecraft:coal":9,"minecraft:snowball":36,"minecraft:cobblestone":21}},"DataVersion":3465}